MAE,MSE,R2,SNR
0.128983,0.051942,0.890645,15.23
