MAE,MSE,R2,SNR
0.100663,0.036701,0.922479,16.87
