MAE,MSE,R2,SNR
0.029159,0.004232,0.990811,26.05
