MAE,MSE,R2,SNR
0.031866,0.004629,0.989797,25.98
