MAE,MSE,R2,SNR
0.026333,0.00315,0.992937,27.68
