MAE,MSE,R2,SNR
0.100037,0.036684,0.922515,16.87
