MAE,MSE,R2,SNR
0.126534,0.051892,0.890752,15.24
