MAE,MSE,R2,SNR
0.119535,0.04064,0.910854,16.09
