MAE,MSE,R2,SNR
0.095804,0.028905,0.937004,17.64
