MAE,MSE,R2,SNR
0.032552,0.004766,0.989607,25.53
