MAE,MSE,R2,SNR
0.029037,0.004026,0.99126,26.27
