MAE,MSE,R2,SNR
0.057094,0.012878,0.971577,21.31
