MAE,MSE,R2,SNR
0.071878,0.018787,0.958932,19.63
