MAE,MSE,R2,SNR
0.032547,0.004632,0.989791,25.98
