MAE,MSE,R2,SNR
0.095813,0.028906,0.937003,17.64
