MAE,MSE,R2,SNR
0.029807,0.004054,0.9912,26.24
