MAE,MSE,R2,SNR
0.072464,0.01879,0.958924,19.63
