MAE,MSE,R2,SNR
0.124879,0.029859,0.933046,17.91
