MAE,MSE,R2,SNR
0.188744,0.093556,0.803036,12.68
