MAE,MSE,R2,SNR
0.177342,0.080707,0.829529,13.44
