MAE,MSE,R2,SNR
0.11904,0.028869,0.936367,18.03
