MAE,MSE,R2,SNR
0.185237,0.073265,0.839291,13.53
