MAE,MSE,R2,SNR
0.168407,0.060104,0.869012,14.46
