MAE,MSE,R2,SNR
0.143276,0.058168,0.87316,14.66
