MAE,MSE,R2,SNR
0.14329,0.06158,0.866307,14.42
