MAE,MSE,R2,SNR
0.143641,0.037379,0.917501,16.68
