MAE,MSE,R2,SNR
0.152972,0.042927,0.906162,16.04
