MAE,MSE,R2,SNR
0.031977,0.004679,0.989687,25.94
