MAE,MSE,R2,SNR
0.027678,0.003253,0.992706,27.54
