MAE,MSE,R2,SNR
0.032907,0.004946,0.989214,25.37
