MAE,MSE,R2,SNR
0.121008,0.040685,0.910756,16.08
