MAE,MSE,R2,SNR
0.096701,0.02894,0.936929,17.64
