MAE,MSE,R2,SNR
0.072787,0.018811,0.958879,19.62
