MAE,MSE,R2,SNR
0.057898,0.012928,0.971466,21.29
